description,label
order shopeefood,Ăn uống
đi măm,Ăn uống
thue xe may đà lạt,Di chuyển
ck tien xe,Di chuyển
tien rac thang nay,Hóa đơn & Tiện ích
ck tra,Chuyển tiền cá nhân
chung cu,Hóa đơn & Tiện ích
mua nem,Mua sắm
phi cao toc,Di chuyển
book be 🚗,Di chuyển
toeic,Giáo dục
tap gym mua whey,Khác
thôi nôi,Chuyển tiền cá nhân
tiền cơm,Ăn uống
tien an uong,Ăn uống
sn,Chuyển tiền cá nhân
tiền xe,Di chuyển
gui xe oto,Di chuyển
tien netflix,Giải trí
phi ql,Hóa đơn & Tiện ích
bảo dưỡng xe,Di chuyển
vnpt,Hóa đơn & Tiện ích
vx dalat,Di chuyển
alooo,Khác
tien pho,Ăn uống
tien hom qua,Chuyển tiền cá nhân
katinat,Giải trí
đmx,Mua sắm
mi quang,Ăn uống
test,Khác
wifi,Hóa đơn & Tiện ích
bắn súng,Giải trí
mua k+,Giải trí
mua collagen,Sức khỏe
siêu âm,Sức khỏe
ck chi,Chuyển tiền cá nhân
mượn,Chuyển tiền cá nhân
kham benh + tien thuoc,Khác
sushi,Ăn uống
phí khám,Sức khỏe
massage tri lieu,Sức khỏe
book tour,Giải trí
grabfood,Ăn uống
tiền học & mua sách,Khác
tiền tiêu vặt,Chuyển tiền cá nhân
com thang,Ăn uống
tiền mổ,Sức khỏe
niềng răng,Sức khỏe
giay the thao,Mua sắm
kham dong y,Sức khỏe
thu gom rac,Hóa đơn & Tiện ích
bida cf,Khác
dong pql,Hóa đơn & Tiện ích
khám nhi,Sức khỏe
tien hoc + mua sach,Khác
tien do xang 🚗,Di chuyển
cho muon,Chuyển tiền cá nhân
board game,Giải trí
koi the,Ăn uống
bít tết,Ăn uống
mua ve show,Giải trí
chau cay,Mua sắm
tt hd,Hóa đơn & Tiện ích
ăn + xăng,Khác
cf zí ghệ,Ăn uống
highlands,Ăn uống
haha,Khác
lau thai,Ăn uống
thưởng lễ,Chuyển tiền cá nhân
đi đám,Chuyển tiền cá nhân
phi kham,Sức khỏe
sao kê,Hóa đơn & Tiện ích
uon toc,Giải trí
phu kien,Mua sắm
k+,Hóa đơn & Tiện ích
kinh can,Sức khỏe
vãi,Khác
thưởng tết,Chuyển tiền cá nhân
san bong,Sức khỏe
dat com,Ăn uống
day,Khác
đồ tết,Mua sắm
cf highlands,Ăn uống
tien gui xe,Di chuyển
quy lop,Giáo dục
vé xe + khách sạn,Khác
thue san,Sức khỏe
hat karaoke,Giải trí
order do an,Ăn uống
thoi tien,Chuyển tiền cá nhân
banh uot,Ăn uống
tien thue nha,Hóa đơn & Tiện ích
tra tien,Chuyển tiền cá nhân
bruh,Khác
ck tien tro,Hóa đơn & Tiện ích
tiền ăn bán trú,Giáo dục
tra gop dt,Mua sắm
thuốc bổ,Sức khỏe
tt internet,Hóa đơn & Tiện ích
cmsn,Chuyển tiền cá nhân
thue nha,Hóa đơn & Tiện ích
chuyen luong,Chuyển tiền cá nhân
com trua,Ăn uống
tien bida vs nuoc,Khác
xem kich,Giải trí
done,Khác
nướng,Ăn uống
qua sn,Chuyển tiền cá nhân
thuê nhà,Hóa đơn & Tiện ích
pickleball,Sức khỏe
xăng,Di chuyển
hoc on,Giáo dục
quà sn,Chuyển tiền cá nhân
nước bình,Hóa đơn & Tiện ích
hp t5,Giáo dục
luong nv,Chuyển tiền cá nhân
book aha,Di chuyển
bida,Giải trí
lounge,Giải trí
mua trai cay,Mua sắm
mua đồ và cf,Khác
sinh nhật,Chuyển tiền cá nhân
gui xe,Di chuyển
thanks,Khác
tien tin chi,Giáo dục
thue xe,Di chuyển
xe di tq,Di chuyển
hom qua,Khác
học ôn,Giáo dục
manwah,Ăn uống
tien tro t5,Hóa đơn & Tiện ích
mi cay sasin,Ăn uống
nintendo,Giải trí
tien di choi,Giải trí
vé phim + bắp nước,Khác
quy hoat dong,Giáo dục
rac,Hóa đơn & Tiện ích
hsk,Giáo dục
an toi vs di chill,Khác
noi that,Mua sắm
bánh mì,Ăn uống
tien in an,Giáo dục
dong trung,Sức khỏe
an trua va grab,Khác
phụ kiện,Mua sắm
chơi ma sói,Giải trí
muon tien,Chuyển tiền cá nhân
tien hoa,Mua sắm
photo,Giáo dục
creatine,Sức khỏe
thuoc t5,Sức khỏe
đi chơi,Giải trí
dien nuoc tro,Hóa đơn & Tiện ích
mua tin chi,Giáo dục
bbbb,Khác
gym,Sức khỏe
nap vetc,Di chuyển
tk elsa,Giáo dục
khoan 1,Khác
wifi viettel,Hóa đơn & Tiện ích
???,Khác
glamping,Giải trí
t8,Khác
nap the game,Giải trí
nhận nhé,Chuyển tiền cá nhân
ck tt,Chuyển tiền cá nhân
home credit,Hóa đơn & Tiện ích
choi net,Giải trí
t9,Khác
the zing,Giải trí
học lập trình,Giáo dục
bơi,Sức khỏe
truyền hình cáp,Hóa đơn & Tiện ích
vng,Giải trí
tang lễ,Chuyển tiền cá nhân
bamboo,Di chuyển
phuc long,Giải trí
tien hoc av,Giáo dục
tra tien com,Ăn uống
kham benh,Sức khỏe
matxa,Giải trí
mua kính,Sức khỏe
mua goi pt,Sức khỏe
tra sua,Ăn uống
hải sản,Mua sắm
giày sneaker,Mua sắm
mua may giat,Mua sắm
tien do mat,Sức khỏe
rua xe,Di chuyển
jollibee,Ăn uống
mam non,Giáo dục
com nieu,Ăn uống
tien dien,Hóa đơn & Tiện ích
roi,Khác
mua sách,Mua sắm
cà phê,Giải trí
banh sinh nhat,Ăn uống
tien hoc kem,Giáo dục
an voi ban,Ăn uống
chung cư,Hóa đơn & Tiện ích
t6,Khác
tien sach,Giáo dục
tiền xe bus,Di chuyển
kcn,Mua sắm
ck coc xe,Di chuyển
ve xe tbh,Di chuyển
cat kinh,Sức khỏe
in luan van,Giáo dục
benh vien,Sức khỏe
ma soi,Giải trí
banh mi,Ăn uống
mua do choi,Mua sắm
trám răng,Sức khỏe
mua dien thoai + op,Khác
đám ma,Chuyển tiền cá nhân
nha thuoc,Sức khỏe
aaaa,Khác
chan ga,Mua sắm
thue gia su,Giáo dục
tien net,Giải trí
ứng,Chuyển tiền cá nhân
an chay,Ăn uống
chia buồn,Chuyển tiền cá nhân
ytb pre,Giải trí
biếu ba mẹ,Chuyển tiền cá nhân
phi thuong nien,Hóa đơn & Tiện ích
tien xe + tien com,Khác
xem phim 🎬,Giải trí
ck shiper,Di chuyển
tien ck luong,Chuyển tiền cá nhân
mua youtube,Giải trí
tư vấn tâm lý,Sức khỏe
nhau oc 1,Giải trí
tiếng nhật,Giáo dục
coop,Mua sắm
lalamove,Di chuyển
vx tet,Di chuyển
paintball,Giải trí
tam soat,Sức khỏe
ck tien dien,Hóa đơn & Tiện ích
tien mua do t7,Mua sắm
trà xữa,Ăn uống
ck gia su,Giáo dục
dong tien mang,Hóa đơn & Tiện ích
khoa hoc mkt,Giáo dục
com tam ba ghien,Ăn uống
an nhau hat kara,Khác
tien ship shopee,Di chuyển
cf va taxi,Khác
tien kham,Sức khỏe
coc oto,Di chuyển
mua dt,Mua sắm
đi chợ vs đóng điện,Khác
nộp tiền học,Giáo dục
gửi nhé,Khác
mua ga,Hóa đơn & Tiện ích
từ điển,Giáo dục
t1,Khác
dong gop gio,Chuyển tiền cá nhân
tien di chuyen,Di chuyển
chèo sup,Giải trí
tiền mạng,Hóa đơn & Tiện ích
vaccine,Sức khỏe
tien nha thang nay,Hóa đơn & Tiện ích
dam cuoi,Chuyển tiền cá nhân
cuoc mobi,Hóa đơn & Tiện ích
di nhau,Ăn uống
cyber,Giải trí
tien xe 50k,Di chuyển
quan tay,Mua sắm
ship lala,Di chuyển
the credit,Hóa đơn & Tiện ích
gx,Di chuyển
ăn lẩu hqua,Ăn uống
tien nha,Khác
xe tết,Di chuyển
tro thang 5,Hóa đơn & Tiện ích
zxc,Khác
tiền học,Giáo dục
che,Ăn uống
nạp thẻ,Hóa đơn & Tiện ích
kara hqua,Giải trí
tcv,Giải trí
gui me,Chuyển tiền cá nhân
dam ma,Chuyển tiền cá nhân
đóng tiền gym,Sức khỏe
váy tk,Mua sắm
fpt play,Giải trí
cham cuu,Sức khỏe
internet,Hóa đơn & Tiện ích
lam the sv,Giáo dục
an sag,Ăn uống
tra tien hqua,Chuyển tiền cá nhân
tien hoc,Giáo dục
bida + nước,Khác
cf cty,Giải trí
mua tap hoa,Mua sắm
gui xe thang,Di chuyển
tiem ngua,Sức khỏe
yoga,Sức khỏe
luong gia su,Giáo dục
gdds,Giải trí
kham nhi,Sức khỏe
ck a,Chuyển tiền cá nhân
tien dien nuoc,Hóa đơn & Tiện ích
gửi xe cc,Hóa đơn & Tiện ích
xe ôm,Di chuyển
cuu ho xe,Di chuyển
tien ngoai khoa,Giáo dục
book grab,Di chuyển
shopeefood trưa,Ăn uống
xe ve sg,Di chuyển
mua sâm,Sức khỏe
tien an vs tien tro,Khác
mua quat,Mua sắm
tap hoa,Mua sắm
quỹ phu huynh,Giáo dục
tiền thuốc t5,Sức khỏe
photo tai lieu,Giáo dục
phuong trang,Di chuyển
show ca nhac,Giải trí
bình gas,Hóa đơn & Tiện ích
!!!,Khác
nuoc thang nay,Hóa đơn & Tiện ích
dat hang,Mua sắm
nap toc chien,Giải trí
nap epas,Di chuyển
an khang,Sức khỏe
the pizza company,Ăn uống
nail,Giải trí
in tai lieu,Giáo dục
điện t5,Hóa đơn & Tiện ích
qwe,Khác
tien che,Ăn uống
nap game,Giải trí
thuong tet,Chuyển tiền cá nhân
tiền ship 📦,Di chuyển
gia su,Giáo dục
the tin dung,Hóa đơn & Tiện ích
bun cha,Ăn uống
tien t5,Chuyển tiền cá nhân
thi ielts,Giáo dục
trả lại,Chuyển tiền cá nhân
vay tiền,Chuyển tiền cá nhân
chợ và tiền điện,Khác
hu tiu,Ăn uống
tien an,Chuyển tiền cá nhân
nhan nhe,Chuyển tiền cá nhân
t5,Khác
vnvc,Sức khỏe
chua benh,Sức khỏe
ikea,Mua sắm
tiền học lại,Giáo dục
mua hoa qua,Mua sắm
ga ran,Ăn uống
mua đt dán màn,Khác
gửi a,Chuyển tiền cá nhân
t12,Khác
xôi,Ăn uống
tiền thuốc,Sức khỏe
bhyte,Sức khỏe
kara 🎤,Giải trí
phẫu thuật,Sức khỏe
xang 50,Di chuyển
###,Khác
tiền cf,Giải trí
grab ra sb,Di chuyển
ve may bay qte,Di chuyển
bebike,Di chuyển
aha,Ăn uống
quạt máy,Mua sắm
tien di cho,Mua sắm
phí duy trì,Hóa đơn & Tiện ích
tien sinh hoat,Chuyển tiền cá nhân
nhạc hội,Giải trí
tien sua xe,Di chuyển
mai tra,Khác
đóng tiền điện,Hóa đơn & Tiện ích
viettel,Hóa đơn & Tiện ích
collagen,Sức khỏe
tra sau viettel,Hóa đơn & Tiện ích
dong hoc phi,Giáo dục
phi cao toc ltd,Di chuyển
đồ chơi,Mua sắm
beamin toi,Ăn uống
mừng sn,Chuyển tiền cá nhân
fgh,Khác
ung luong,Chuyển tiền cá nhân
nhổ răng lấy thuốc,Khác
kham thai,Sức khỏe
tien thuoc + xet nghiem,Khác
dong tien tro,Hóa đơn & Tiện ích
popeyes,Ăn uống
cf katinat,Giải trí
bida lỗ,Giải trí
tra m ne,Chuyển tiền cá nhân
mừng cưới,Chuyển tiền cá nhân
ship,Di chuyển
xyz,Khác
the thang,Hóa đơn & Tiện ích
nhu da noi,Khác
tiền xem phim,Giải trí
phi thi ielts,Giáo dục
nho tra nhe,Khác
phúc long,Giải trí
di sieu thi an kem,Khác
ve xe p.trang,Di chuyển
mua kem chong nang,Mua sắm
tien whey,Sức khỏe
chao,Ăn uống
mua spotify,Giải trí
cheese coffee,Ăn uống
giải trí,Giải trí
chốt đơn,Mua sắm
trả giùm,Chuyển tiền cá nhân
ck,Chuyển tiền cá nhân
check,Khác
tiền taxi,Di chuyển
đầy tháng,Chuyển tiền cá nhân
bao ve,Hóa đơn & Tiện ích
net xuyen dem,Giải trí
bun bo 2 to,Ăn uống
trả tiền ăn,Chuyển tiền cá nhân
mua bim,Mua sắm
xem phim,Giải trí
ck tra no,Chuyển tiền cá nhân
cf highlands,Giải trí
cafe,Giải trí
le phi thi dh,Giáo dục
mass,Sức khỏe
kham sk,Sức khỏe
đồ điện tử,Mua sắm
hp đại học,Giáo dục
thuoc men,Sức khỏe
xem phim an toi,Khác
vay fe,Hóa đơn & Tiện ích
di nhac hoi,Giải trí
thay xam xe,Di chuyển
hp cho be,Giáo dục
thối tiền,Chuyển tiền cá nhân
ban tru,Giáo dục
hoc vo,Giáo dục
tien photo,Giáo dục
hai san,Mua sắm
vmbay,Di chuyển
tiền nha,Khác
nhau 🍻,Giải trí
okk,Khác
sinh to,Ăn uống
mua váy,Mua sắm
tien de,Sức khỏe
bún đậu,Ăn uống
luong,Chuyển tiền cá nhân
hai san,Ăn uống
ahihi,Khác
khám mắt + kính,Khác
thanh toan vien phi,Sức khỏe
mua ban,Mua sắm
thanh toan shopee,Mua sắm
grab và ăn sáng,Khác
mua ao khoac,Mua sắm
ck dat xe,Di chuyển
tien an ninh,Hóa đơn & Tiện ích
ok,Khác
mua sach vo,Giáo dục
cảm ơn,Khác
gui,Chuyển tiền cá nhân
chén dĩa,Mua sắm
dokki,Ăn uống
mang,Hóa đơn & Tiện ích
gửi e,Chuyển tiền cá nhân
rua oto,Di chuyển
mua game steam,Giải trí
cho va tien dien,Khác
tien ts,Ăn uống
khoản 1,Khác
phi bot ql1,Di chuyển
khóa học,Giáo dục
tien lien hoan,Ăn uống
mua vieon,Giải trí
tien phau thuat,Sức khỏe
mcdonalds,Ăn uống
tien ship hang,Di chuyển
mua vot,Sức khỏe
tien xe bus,Di chuyển
ne,Khác
grabcar,Di chuyển
hôm qua,Khác
cf voi tui no,Giải trí
bún bò,Ăn uống
xét nghiệm,Sức khỏe
thịt,Mua sắm
coopmart,Mua sắm
bun rieu,Ăn uống
rửa xe,Di chuyển
dien may,Mua sắm
tiền mạng điện thoại,Khác
thanh toan shop,Mua sắm
dien nuoc cc,Hóa đơn & Tiện ích
khám tổng quát,Sức khỏe
tiem vnvc,Sức khỏe
chích ngừa,Sức khỏe
duolingo,Giáo dục
gofood,Ăn uống
trả m nè,Chuyển tiền cá nhân
highland,Ăn uống
gửi tiền,Chuyển tiền cá nhân
citi ground,Ăn uống
nộp phí ql,Hóa đơn & Tiện ích
nhà thuốc,Sức khỏe
tiền thuê xe,Di chuyển
vé xe,Di chuyển
đi lại,Di chuyển
card dt,Hóa đơn & Tiện ích
in đồ án,Giáo dục
ăn tối,Ăn uống
tien xe ve,Di chuyển
thay lốp,Di chuyển
com tam,Ăn uống
mua livestream,Mua sắm
ngoai khoa,Giáo dục
do choi,Mua sắm
nước,Hóa đơn & Tiện ích
xe om,Di chuyển
cà phê,Ăn uống
spotify,Giải trí
kham mat cat kinh,Khác
ts 🧋,Ăn uống
tra gop dt,Hóa đơn & Tiện ích
vay thiet ke,Mua sắm
bill pub,Giải trí
ck vx,Di chuyển
an ninh,Hóa đơn & Tiện ích
shoping,Mua sắm
@@@,Khác
chuyển,Khác
tra ban,Chuyển tiền cá nhân
dien may xanh,Mua sắm
kham bv,Sức khỏe
an toi,Ăn uống
topik,Giáo dục
kham bhyt,Sức khỏe
mung cuoi,Chuyển tiền cá nhân
net,Giải trí
đi thực tế,Giáo dục
thuê xe đổ xăng,Khác
tien ck,Chuyển tiền cá nhân
thue pt,Sức khỏe
taxi hqua,Di chuyển
gogi,Ăn uống
hoc phi va dong phuc,Khác
ck tien an,Ăn uống
đồ hàn,Ăn uống
khám thai,Sức khỏe
đo mắt,Sức khỏe
tien ship,Di chuyển
thực tập,Giáo dục
tiktok,Mua sắm
tien tram thu phi,Di chuyển
tien cap,Hóa đơn & Tiện ích
the bus,Di chuyển
tien oc,Ăn uống
mua banh,Sức khỏe
buffet,Ăn uống
tiền trọ,Hóa đơn & Tiện ích
tiền tàu,Di chuyển
bánh kem,Ăn uống
skincare,Mua sắm
bao hiem,Sức khỏe
phuc long,Ăn uống
mua đồ,Mua sắm
phê la,Ăn uống
tiền viện,Sức khỏe
kaka,Khác
tien taxi,Di chuyển
tiem vacxin,Sức khỏe
bún chả,Ăn uống
bỉm sữa,Mua sắm
tien vot,Sức khỏe
vinasun,Di chuyển
gội đầu,Giải trí
châm cứu,Sức khỏe
tien xe ghep,Di chuyển
phí quản lý,Hóa đơn & Tiện ích
khóa luận,Giáo dục
taxi t7,Di chuyển
hoa don,Hóa đơn & Tiện ích
bhyt,Sức khỏe
tien vo,Giáo dục
tiền học đàn,Giáo dục
grapbike,Di chuyển
an sinh nhat,Ăn uống
pho,Ăn uống
alo,Khác
so du,Khác
nội thất,Mua sắm
mua túi,Mua sắm
hoa hong,Chuyển tiền cá nhân
thue oto,Di chuyển
thanh toan credit,Hóa đơn & Tiện ích
ck test,Chuyển tiền cá nhân
k+,Giải trí
bill kara,Giải trí
viện phí,Sức khỏe
tien mang,Hóa đơn & Tiện ích
tien cau duong,Di chuyển
mua gium,Chuyển tiền cá nhân
khoa hoc online,Giáo dục
nuong,Ăn uống
tien grap,Di chuyển
tầm soát,Sức khỏe
rác,Hóa đơn & Tiện ích
tiền quỹ,Chuyển tiền cá nhân
ve may bay,Di chuyển
thanh toan,Chuyển tiền cá nhân
grab q7,Di chuyển
internet fpt,Hóa đơn & Tiện ích
ck epass,Di chuyển
hoc piano,Giáo dục
ck mua ao + cf,Khác
tang,Chuyển tiền cá nhân
đổ xang,Di chuyển
di cho + tien dien,Khác
khám tâm lý,Sức khỏe
👍,Khác
vé kịch,Giải trí
di thuc te,Giáo dục
mua ghe,Mua sắm
cf hqua,Giải trí
tiền xe vs tiền cơm,Khác
ăn tối đi pub,Khác
goi dau duong sinh,Giải trí
tien glamping,Giải trí
bánh kẹo,Mua sắm
nieng rang,Sức khỏe
taxi grap,Di chuyển
thuê sân,Sức khỏe
4ps,Ăn uống
thưởng,Chuyển tiền cá nhân
trai cay,Mua sắm
thuong le,Chuyển tiền cá nhân
đóng hp,Giáo dục
di dam,Chuyển tiền cá nhân
tiền mặt bằng,Hóa đơn & Tiện ích
kỹ năng mềm,Giáo dục
mua do sieu thi,Mua sắm
thuốc cảm,Sức khỏe
mua dien thoai,Mua sắm
ốp lưng,Mua sắm
shiper,Di chuyển
tra tien grab,Di chuyển
ck lai,Chuyển tiền cá nhân
tra sau,Hóa đơn & Tiện ích
boardgame,Giải trí
tien an hqua,Ăn uống
gui con,Chuyển tiền cá nhân
order taobao,Mua sắm
thuoc tay,Sức khỏe
vé ca nhạc,Giải trí
đi sthị ăn kem,Khác
share xe,Di chuyển
số dư,Khác
khám mắt,Sức khỏe
mua ban phím,Mua sắm
doi gas,Hóa đơn & Tiện ích
breakfast,Ăn uống
tien tieu vặt,Chuyển tiền cá nhân
mua giay dép,Mua sắm
lotte,Giải trí
mua whey,Sức khỏe
tiền ăn và tiền trọ,Khác
sạc đt,Mua sắm
tiền thuê nhà,Hóa đơn & Tiện ích
giao hang,Di chuyển
dat do an,Ăn uống
học vẽ,Giáo dục
dung cu hoc tap,Giáo dục
hoc phi,Giáo dục
mung sn,Chuyển tiền cá nhân
tiền thi lại,Giáo dục
nha tro,Hóa đơn & Tiện ích
vpp,Giáo dục
t.anh,Giáo dục
kham hqua,Sức khỏe
tien mung,Chuyển tiền cá nhân
cf q1,Ăn uống
tpcn,Sức khỏe
hp cap 3,Giáo dục
check ib,Khác
mua sua,Mua sắm
cf sang,Giải trí
ck 💸,Chuyển tiền cá nhân
mua thit,Mua sắm
phi dang kiem xe,Di chuyển
tiền nhe,Chuyển tiền cá nhân
be cty,Di chuyển
matxa tri lieu,Sức khỏe
li xi,Chuyển tiền cá nhân
dien thoai,Hóa đơn & Tiện ích
sieu thi,Mua sắm
bun dau,Ăn uống
thuốc tây,Sức khỏe
thuốc bắc,Sức khỏe
dong tien dien,Hóa đơn & Tiện ích
hp + đồng phục,Khác
phong bi,Chuyển tiền cá nhân
đặt xe,Di chuyển
cho con,Chuyển tiền cá nhân
ứng lương,Chuyển tiền cá nhân
cf,Ăn uống
mua tai khoan,Giáo dục
grab q1,Di chuyển
ck grab,Di chuyển
kham tam ly,Sức khỏe
tiền điện,Hóa đơn & Tiện ích
highland,Giải trí
cuoc viettel,Hóa đơn & Tiện ích
cap truyen hinh,Hóa đơn & Tiện ích
mua thuoc hqua,Sức khỏe
thuoc nam,Sức khỏe
mua do decor,Mua sắm
đồ nhật,Ăn uống
phí đường bộ,Di chuyển
mỹ phẩm,Mua sắm
tien nhau,Giải trí
di cho,Mua sắm
ve tcv,Giải trí
mi xao,Ăn uống
tien an ban tru,Giáo dục
phau thuat,Sức khỏe
nuoc uong,Hóa đơn & Tiện ích
luong 💰,Chuyển tiền cá nhân
bun bo hue,Ăn uống
ck ne,Khác
nệm,Mua sắm
bap nuoc cgv,Giải trí
tt,Khác
tiền chợ + ship,Khác
hủ tiếu,Ăn uống
phí bot,Di chuyển
chot don 📦,Mua sắm
vat ly tri lieu,Sức khỏe
tiktok shop,Mua sắm
hehe,Khác
shop meo,Mua sắm
hoc phi ky 1,Giáo dục
tien the hs,Giáo dục
khoan nay,Khác
mua áo + trà sữa,Khác
mua quan ao tet,Mua sắm
xe khách,Di chuyển
tiền kéo xe,Di chuyển
thuê gia sư,Giáo dục
gửi chồng,Chuyển tiền cá nhân
ban sung sơn,Giải trí
shopeepay,Mua sắm
quy truong,Giáo dục
dong tien hoc,Giáo dục
suối tiên,Giải trí
giai tri,Giải trí
hạt cho mèo,Mua sắm
sửa xe,Di chuyển
banh ngot,Ăn uống
mua thuoc lc,Sức khỏe
phi dv,Hóa đơn & Tiện ích
hoàn tiền,Chuyển tiền cá nhân
ve xe khach,Di chuyển
vien phi,Sức khỏe
tiêm ngừa,Sức khỏe
taxi,Di chuyển
pha tam,Chuyển tiền cá nhân
gui vo,Chuyển tiền cá nhân
thay tròng,Sức khỏe
cf ☕,Ăn uống
tiền phòng + mạng + rác,Khác
xet nghiem,Sức khỏe
tien tour,Giải trí
tour,Giải trí
gửi xe,Di chuyển
tien bida 🎱,Giải trí
pizza 4p,Ăn uống
tẩy trắng răng,Sức khỏe
mua kinh,Sức khỏe
luong t5,Chuyển tiền cá nhân
ca phe,Giải trí
giao hàng,Di chuyển
đổ xăng,Di chuyển
cháo,Ăn uống
ve bus,Di chuyển
mua tu dien,Giáo dục
do an meo,Mua sắm
ck bida,Giải trí
lam spa,Giải trí
tang le,Chuyển tiền cá nhân
tien an sang,Ăn uống
thue do cam trai,Giải trí
hdl,Ăn uống
ban phim,Mua sắm
qũy ăn uống,Ăn uống
chuyển tiền,Chuyển tiền cá nhân
dinner,Ăn uống
san fu lou,Ăn uống
tien rac,Hóa đơn & Tiện ích
tiền,Chuyển tiền cá nhân
an cúng,Ăn uống
chot live,Mua sắm
nuoc lavie,Hóa đơn & Tiện ích
hom bua,Khác
phúc long,Ăn uống
chill chill,Giải trí
tiền sinh hoạt,Chuyển tiền cá nhân
thank you,Khác
sach tieng anh,Giáo dục
nồi chiên k dâu,Mua sắm
quỹ lớp,Giáo dục
shopee,Mua sắm
mua cay,Mua sắm
vé tàu điện,Di chuyển
son,Mua sắm
mua sam,Sức khỏe
nap the,Hóa đơn & Tiện ích
tien cho,Mua sắm
bắn cung,Giải trí
gojek,Di chuyển
fpt,Hóa đơn & Tiện ích
quỹ đi chơi,Giải trí
tt dien,Hóa đơn & Tiện ích
shope,Mua sắm
tien cho shiper,Di chuyển
ve damsen,Giải trí
tt nuoc,Hóa đơn & Tiện ích
cá viên,Ăn uống
ahamove,Di chuyển
hoc boi,Sức khỏe
coc xe,Di chuyển
mua tu lanh,Mua sắm
cat toc,Giải trí
an nha hang,Ăn uống
hp,Giáo dục
ngủ đi,Khác
tien ga,Hóa đơn & Tiện ích
xang xe an uong,Khác
chăn ga,Mua sắm
haidilao,Ăn uống
mua quà,Mua sắm
cứu hộ oto,Di chuyển
texas,Ăn uống
rep zalo,Khác
mừng tuổi,Chuyển tiền cá nhân
tra gop xe,Hóa đơn & Tiện ích
thue bao,Hóa đơn & Tiện ích
dư nợ,Hóa đơn & Tiện ích
dookki,Ăn uống
tien san cau long,Sức khỏe
tien hoc be,Giáo dục
ck nè,Chuyển tiền cá nhân
học piano,Giáo dục
tiền di chuyển,Di chuyển
trả tiền học,Giáo dục
mổ,Sức khỏe
starbucks,Ăn uống
thuc tap,Giáo dục
ve concert,Giải trí
bia,Giải trí
đồng phục,Giáo dục
dien thoai t5,Hóa đơn & Tiện ích
vé bus,Di chuyển
tien bhyt,Sức khỏe
jlpt,Giáo dục
an nuong,Ăn uống
trả tiền grab,Di chuyển
baemin,Ăn uống
nap card,Hóa đơn & Tiện ích
tien bonus,Chuyển tiền cá nhân
thu ck,Chuyển tiền cá nhân
tien thue xe,Di chuyển
sashimi,Ăn uống
vé mb tet,Di chuyển
tien xe,Di chuyển
tien tro,Hóa đơn & Tiện ích
tien hh,Chuyển tiền cá nhân
làm răng,Sức khỏe
tien hoc t5,Giáo dục
vna,Di chuyển
tien hoc mam non,Giáo dục
ck lazada,Mua sắm
nhà + điện + nước,Khác
mua cây,Mua sắm
tuần này,Khác
quy phu huynh,Giáo dục
bốc thuốc,Sức khỏe
tien phong,Hóa đơn & Tiện ích
trả tiền nha,Chuyển tiền cá nhân
ăn xịn,Ăn uống
tt sao ke,Hóa đơn & Tiện ích
tra tien bida,Giải trí
sunworld,Giải trí
xem phim + ăn tối,Khác
choi bg,Giải trí
banh trang tron,Ăn uống
nuoc sinh hoat,Hóa đơn & Tiện ích
ăn sang,Ăn uống
tien pub,Giải trí
shopeefood,Ăn uống
trả sau,Hóa đơn & Tiện ích
ck e,Chuyển tiền cá nhân
mua thuoc cam,Sức khỏe
tien hoc tieng anh,Giáo dục
winmart,Mua sắm
thanh toan nuoc,Hóa đơn & Tiện ích
mua dong phuc,Giáo dục
tiếng trung,Giáo dục
🥰,Khác
thu cung,Giải trí
cf + ăn trưa,Khác
xang xe,Di chuyển
dien nuoc,Hóa đơn & Tiện ích
thanh toan the,Hóa đơn & Tiện ích
sctv,Hóa đơn & Tiện ích
ship sp,Di chuyển
bàn ghế,Mua sắm
hat kara,Giải trí
tiền,Khác
tien,Chuyển tiền cá nhân
tien may net,Giải trí
dk xe,Di chuyển
be,Di chuyển
khoa luan,Giáo dục
gongcha,Ăn uống
pho thin,Ăn uống
quỹ ăn chơi,Giải trí
quần jean,Mua sắm
mua qua,Mua sắm
tch,Giải trí
steam,Giải trí
tra tien ung,Chuyển tiền cá nhân
trả góp,Hóa đơn & Tiện ích
ve tau,Di chuyển
tài liệu,Giáo dục
man hinh,Mua sắm
wifi 📶,Hóa đơn & Tiện ích
phí dịch vụ,Hóa đơn & Tiện ích
di pub,Giải trí
chich ngua,Sức khỏe
trà sữa,Ăn uống
ts trân châu,Ăn uống
mua ca,Mua sắm
tien an toi,Ăn uống
phí chung cư,Hóa đơn & Tiện ích
tiền xe về,Di chuyển
san cau long,Sức khỏe
lien quan,Giải trí
cát mèo,Mua sắm
khám răng,Sức khỏe
vé mb,Di chuyển
bebike toi,Di chuyển
phi gui xe,Di chuyển
mạng,Hóa đơn & Tiện ích
gxe,Di chuyển
gửi,Khác
tra m,Chuyển tiền cá nhân
t11,Khác
vtvcab,Hóa đơn & Tiện ích
kham da lieu,Sức khỏe
hoan tien,Chuyển tiền cá nhân
bm,Ăn uống
vé mbay,Di chuyển
tra no nhe,Chuyển tiền cá nhân
vé phim,Giải trí
mua guoc,Mua sắm
tien dien 💡,Hóa đơn & Tiện ích
đặt hàng,Mua sắm
van phong pham,Giáo dục
phí ship,Di chuyển
bách hóa xanh,Mua sắm
tram rang,Sức khỏe
khoản này,Khác
thu ck,Khác
tien bao ve,Hóa đơn & Tiện ích
nhổ răng,Sức khỏe
tiền ship,Di chuyển
khám da liễu,Sức khỏe
thanh toan,Khác
vx,Di chuyển
mua thu cung,Mua sắm
nhau oc,Giải trí
pharmacity,Sức khỏe
mua sach,Giáo dục
ăn trưa grab,Khác
sac dt,Mua sắm
ban cung,Giải trí
mua sneaker,Mua sắm
tap pilates,Sức khỏe
lam toc,Giải trí
ao somi,Mua sắm
vé xe về quê,Di chuyển
nhau,Giải trí
boc thuoc,Sức khỏe
đám giỗ,Chuyển tiền cá nhân
tien kara,Giải trí
mỳ cay,Ăn uống
gui tien,Chuyển tiền cá nhân
an toi qua,Ăn uống
pql t5,Hóa đơn & Tiện ích
tq,Mua sắm
chuyen tien,Chuyển tiền cá nhân
kính cận,Sức khỏe
vieon,Giải trí
vmb tết,Di chuyển
vật lý trị liệu,Sức khỏe
mua do,Mua sắm
cafe,Ăn uống
báo cáo,Giáo dục
mua thuốc,Sức khỏe
tra tien gia su,Giáo dục
whey,Sức khỏe
gui nhe,Khác
xanhsm 🚕,Di chuyển
tien di choi hqua,Chuyển tiền cá nhân
mua banh keo,Mua sắm
pizza,Ăn uống
ship cod,Di chuyển
tiền tín chỉ,Giáo dục
hoc tieng nhat,Giáo dục
the garena,Giải trí
ba gác,Ăn uống
💵,Khác
shopee 🛍️,Mua sắm
phở zới a,Ăn uống
nhu cu,Khác
an hqua,Ăn uống
va xe,Di chuyển
share tien di choi,Giải trí
ve show,Giải trí
nhận đc chưa,Khác
bánh cuốn,Ăn uống
nap the dt,Hóa đơn & Tiện ích
shop online,Mua sắm
xe ghép,Di chuyển
mua sách,Giáo dục
xe đi hn,Di chuyển
di quay,Giải trí
thit,Mua sắm
điện nước,Hóa đơn & Tiện ích
quần áo,Mua sắm
mua hoa kem qua,Khác
ck hoc phi,Giáo dục
epass,Di chuyển
tien mang va dt,Khác
thi lai,Giáo dục
lẩu,Ăn uống
cước viettel,Hóa đơn & Tiện ích
nuoc bính,Hóa đơn & Tiện ích
gà rán,Ăn uống
kpub,Ăn uống
dong tien,Chuyển tiền cá nhân
bhx,Mua sắm
mang vnpt,Hóa đơn & Tiện ích
sbux,Ăn uống
tra tien nhau,Chuyển tiền cá nhân
cuoc vina,Hóa đơn & Tiện ích
tra tien an,Chuyển tiền cá nhân
tạp hóa,Mua sắm
pt,Sức khỏe
tien nha dien nuoc,Khác
hoc phi t5,Giáo dục
netflix thang nay,Giải trí
bar,Giải trí
chuyển khoản,Chuyển tiền cá nhân
tân gia,Chuyển tiền cá nhân
cf,Giải trí
dien t5,Hóa đơn & Tiện ích
đi chợ,Mua sắm
văn phòng phẩm,Giáo dục
ve xe tet,Di chuyển
vé bơi,Sức khỏe
xe khach,Di chuyển
dot 2,Khác
mua banh sn,Ăn uống
tiếng hàn,Giáo dục
di choi,Giải trí
an oc,Ăn uống
mung thoi noi,Chuyển tiền cá nhân
sân tennis,Sức khỏe
tien quy,Chuyển tiền cá nhân
làm tóc,Giải trí
rap cgv,Giải trí
cheo sup,Giải trí
hải sản,Ăn uống
bieu tien,Chuyển tiền cá nhân
chup xquang,Sức khỏe
đồ sơ sinh,Mua sắm
tuan nay,Khác
bệnh viện,Sức khỏe
gửi c,Chuyển tiền cá nhân
như cũ,Khác
cam trai,Giải trí
nhận,Khác
tien cf,Giải trí
an dem,Ăn uống
sinh nhat,Chuyển tiền cá nhân
vinpearl,Giải trí
lau,Ăn uống
tien cheo sup,Giải trí
cali,Sức khỏe
dat gium xe,Di chuyển
befood,Ăn uống
lam rang,Sức khỏe
sân cầu lông,Sức khỏe
karaoke,Giải trí
tien hớt tóc,Giải trí
nha khoa,Sức khỏe
đám cưới,Chuyển tiền cá nhân
ck t5,Chuyển tiền cá nhân
cọc xe,Di chuyển
suoi tien,Giải trí
order,Mua sắm
thuê xe,Di chuyển
tháng này,Khác
sua chua tran chau,Ăn uống
tien hoc ky 2,Giáo dục
tien bida,Giải trí
tien rap,Giải trí
sữa em bé,Mua sắm
spay,Mua sắm
chen dia,Mua sắm
an voi e,Ăn uống
kham rang,Sức khỏe
lego,Mua sắm
mua dong ho,Mua sắm
tu van tam ly,Sức khỏe
in ấn,Giáo dục
chuột pc,Mua sắm
pji,Mua sắm
mua rau,Mua sắm
bảo hiểm sk,Sức khỏe
mua yến,Sức khỏe
taxi san bay,Di chuyển
thay mat kinh,Sức khỏe
phan con lai,Khác
kham mat,Sức khỏe
dong hoc,Giáo dục
cao voi rang,Sức khỏe
yt premium,Giải trí
sách vở,Giáo dục
nuoc + rac + mang,Khác
ck tien phong,Hóa đơn & Tiện ích
vé xe khách,Di chuyển
dong gym,Sức khỏe
phi ship,Di chuyển
mua vàng,Mua sắm
hoc code,Giáo dục
ck nha,Chuyển tiền cá nhân
sân bóng,Sức khỏe
khoa hoc,Giáo dục
thanh buoi,Di chuyển
tiền giày,Mua sắm
vitamin,Sức khỏe
ăn khuya nha,Ăn uống
ăn đêm,Ăn uống
mrt,Di chuyển
quà,Mua sắm
chuyển khoản,Khác
chữa bệnh,Sức khỏe
di thao cam vien,Giải trí
tien thue xe may,Di chuyển
cắt kính,Sức khỏe
the gym t5,Sức khỏe
lien hoan,Ăn uống
phần còn lại,Khác
thử ck,Khác
the alley,Ăn uống
tiền cáp,Hóa đơn & Tiện ích
thẻ bus,Di chuyển
ck,Khác
tien dam cuoi,Chuyển tiền cá nhân
ck shop,Mua sắm
lương,Chuyển tiền cá nhân
check zalo,Khác
cgv 🍿,Giải trí
học phí kỳ 1,Giáo dục
mua noi chien,Mua sắm
an chung,Ăn uống
grab sang,Di chuyển
mua omega3,Sức khỏe
dong quy,Giáo dục
gui ba me,Chuyển tiền cá nhân
cạo vôi răng,Sức khỏe
tra gop nha,Hóa đơn & Tiện ích
tien san bong,Sức khỏe
the game,Giải trí
nộp hp,Giáo dục
thuê trọ,Hóa đơn & Tiện ích
tien nha,Hóa đơn & Tiện ích
mua giuong,Mua sắm
mua săm,Mua sắm
ăn sáng,Ăn uống
học kèm,Giáo dục
cắt tóc,Giải trí
sieu thi 🛒,Mua sắm
kien tap,Giáo dục
vx sg đl,Di chuyển
cho em,Chuyển tiền cá nhân
california,Sức khỏe
tien dth,Chuyển tiền cá nhân
phí cao tốc,Di chuyển
cf an trua,Khác
chậu cây,Mua sắm
phat luong,Chuyển tiền cá nhân
pub,Giải trí
khám bệnh,Sức khỏe
mua do hqua,Mua sắm
tieng anh,Giáo dục
mua do 👠,Mua sắm
123,Khác
tra gop,Hóa đơn & Tiện ích
tra lai,Chuyển tiền cá nhân
tra tien an,Ăn uống
kham tong quat,Sức khỏe
tien nhậu,Giải trí
rua xe may,Di chuyển
tien ban tru,Giáo dục
tai lieu,Giáo dục
ăn trưa,Ăn uống
cam on,Khác
vay f88,Hóa đơn & Tiện ích
trái cây,Mua sắm
ck gium,Chuyển tiền cá nhân
rồi,Khác
hôm bữa,Khác
dien thang nay,Hóa đơn & Tiện ích
đóng quỹ,Giáo dục
chụp xquang,Sức khỏe
gửi vợ,Chuyển tiền cá nhân
nap net,Giải trí
tien xet nghiem,Sức khỏe
t2,Khác
com hop,Ăn uống
kichi,Ăn uống
tien cho va ship,Khác
dong tien,Giáo dục
nhan,Khác
cho vay,Chuyển tiền cá nhân
doi nuoc,Hóa đơn & Tiện ích
ốc,Ăn uống
kara,Giải trí
mua giùm,Chuyển tiền cá nhân
spa,Giải trí
thang nay,Khác
nap lq,Giải trí
linh kien pc,Mua sắm
ve xem phim bap nuoc,Khác
share tien,Chuyển tiền cá nhân
cf ban,Giải trí
massage,Giải trí
tien grab 🛵,Di chuyển
an buffet,Ăn uống
áo thun,Mua sắm
mua hoa + bánh,Khác
mua vay,Mua sắm
nạp fo4,Giải trí
tien pilates,Sức khỏe
tien va xe,Di chuyển
ao thun,Mua sắm
mua giay the thao,Sức khỏe
kichi kichi,Ăn uống
đầm sen,Giải trí
ck com t5,Ăn uống
asd,Khác
ck nè,Khác
doji,Mua sắm
long chau,Sức khỏe
di chill,Giải trí
phi gui oto,Di chuyển
bun thit nuong,Ăn uống
lhc,Sức khỏe
gui xe aeon,Di chuyển
grab di lam,Di chuyển
tặng,Chuyển tiền cá nhân
thay nhot,Di chuyển
tien dt,Hóa đơn & Tiện ích
biếu,Chuyển tiền cá nhân
tiền vở,Giáo dục
uong cf,Giải trí
tien nhau,Ăn uống
hbd,Chuyển tiền cá nhân
đổ xăng 🛵,Di chuyển
tien cf t7,Giải trí
ting ting,Khác
bill nhau,Giải trí
áo sơmi,Mua sắm
warning zone,Ăn uống
tien do xang,Di chuyển
tiền khám,Sức khỏe
ve tau dien,Di chuyển
tiền học bơi,Giáo dục
lương gia sư,Giáo dục
xăng xe ăn uống,Khác
domino,Ăn uống
tien hoc cai thien,Giáo dục
tien tau,Di chuyển
happy birthday,Chuyển tiền cá nhân
tra tien ca phe,Chuyển tiền cá nhân
thue mat bang,Hóa đơn & Tiện ích
dụng cụ học tập,Giáo dục
tien thuoc,Sức khỏe
tien hoc ve,Giáo dục
cay implant,Sức khỏe
li xi tet,Chuyển tiền cá nhân
ck shopee,Mua sắm
tien tivi,Hóa đơn & Tiện ích
gửi xe tháng,Di chuyển
ve xem phim,Giải trí
tien com trua,Ăn uống
ts koi,Ăn uống
chuot may tinh,Mua sắm
bonus,Chuyển tiền cá nhân
tien coc nha,Hóa đơn & Tiện ích
nho tra,Khác
katinat,Ăn uống
viec hom qua,Khác
t10,Khác
tien hoc them,Giáo dục
don hang,Mua sắm
tiền phòng,Hóa đơn & Tiện ích
share tien grab,Di chuyển
billiards,Giải trí
ve mbay ✈️,Di chuyển
phí thường niên,Hóa đơn & Tiện ích
mua tivi,Mua sắm
mua do be,Mua sắm
okkk,Khác
như đã nói,Khác
cf hqua m nhe,Ăn uống
do xang,Di chuyển
hihi,Khác
vx ve que,Di chuyển
an lau t7,Ăn uống
pet shop,Mua sắm
hoc ky nang,Giáo dục
phở,Ăn uống
khám bệnh mua thuốc,Khác
phi duy tri,Hóa đơn & Tiện ích
ck tien nuoc,Hóa đơn & Tiện ích
laz 📦,Mua sắm
hoc lai,Giáo dục
chia buon,Chuyển tiền cá nhân
nè,Khác
mua do bep,Mua sắm
đi quẩy,Giải trí
qua sinh nhat,Mua sắm
theo thoa thuan,Khác
mua game,Giải trí
xe đi tỉnh,Di chuyển
trả tiền,Chuyển tiền cá nhân
tiền học thêm,Giáo dục
thue xe dap,Di chuyển
bán trú,Giáo dục
liên hoan,Ăn uống
gà rán 🍗,Ăn uống
tien dong phuc,Giáo dục
tiền đt,Hóa đơn & Tiện ích
tien yoga,Sức khỏe
bun bo,Ăn uống
an sn,Ăn uống
vay tien,Chuyển tiền cá nhân
tien pt,Sức khỏe
quanao 👗,Mua sắm
du no,Hóa đơn & Tiện ích
book xe,Di chuyển
tien phong vs mang,Khác
ck nhe,Chuyển tiền cá nhân
tien lap,Mua sắm
galaxy,Giải trí
tra no,Chuyển tiền cá nhân
grap,Di chuyển
tiền đi chợ,Mua sắm
netflix t5,Giải trí
tiền photo,Giáo dục
thẻ sv,Giáo dục
đợt 1,Khác
dien sinh hoat,Hóa đơn & Tiện ích
the gym,Sức khỏe
chè,Ăn uống
nạp đt,Hóa đơn & Tiện ích
gogi house,Ăn uống
tiền rác,Hóa đơn & Tiện ích
ck tien hoc,Giáo dục
trang suc,Mua sắm
kiến tập,Giáo dục
vé máy bay,Di chuyển
tien nail,Giải trí
mua sach,Mua sắm
mượn tiền,Chuyển tiền cá nhân
an voi cty,Ăn uống
phi quan ly,Hóa đơn & Tiện ích
an trua cty,Ăn uống
tien aha,Di chuyển
kem,Ăn uống
ielts,Giáo dục
rau ma,Ăn uống
tien rua xe,Di chuyển
lệ phí thi,Giáo dục
học phí,Giáo dục
đông trùng,Sức khỏe
tien hoc 📚,Giáo dục
tch,Ăn uống
rau má mix,Ăn uống
cgv,Giải trí
luong thang nay,Chuyển tiền cá nhân
dong tin chi,Giáo dục
nop hoc phi,Giáo dục
ăn vặt,Ăn uống
quan ao,Mua sắm
thức ăn chó,Mua sắm
cao toc,Di chuyển
thay nhớt,Di chuyển
tien kham benh,Sức khỏe
thanh toan hd,Hóa đơn & Tiện ích
mua khoa hoc,Giáo dục
dam gio,Chuyển tiền cá nhân
đồ bếp,Mua sắm
tien gym,Sức khỏe
skincare t5,Mua sắm
cắm trại,Giải trí
an trua,Ăn uống
vé festival,Giải trí
bao xe,Di chuyển
grab + an sang,Khác
ve xe va khach san,Khác
xe dap cong cong,Di chuyển
thuoc bac,Sức khỏe
ung tien,Chuyển tiền cá nhân
tien cat toc,Giải trí
tien grab gium,Di chuyển
mua đt,Mua sắm
tkyou,Khác
xoi,Ăn uống
hoc phi hoc ky,Giáo dục
đổi nước,Hóa đơn & Tiện ích
the coffee house,Ăn uống
com tho,Ăn uống
hoc ve,Giáo dục
tay trang rang,Sức khỏe
cơm chay,Ăn uống
tien vang,Mua sắm
tien the thao,Sức khỏe
tien ung,Chuyển tiền cá nhân
ship do,Di chuyển
t3,Khác
vietjet,Di chuyển
mua bhyt,Sức khỏe
12345,Khác
xong,Khác
taxi noibai,Di chuyển
mua vang,Mua sắm
grab,Di chuyển
spotify premium,Giải trí
lam nail,Giải trí
spf,Ăn uống
ăn sáng 🍳,Ăn uống
thanh toan du no,Hóa đơn & Tiện ích
bình lavie,Hóa đơn & Tiện ích
muon,Chuyển tiền cá nhân
tien cf,Ăn uống
san tennis,Sức khỏe
mua thuoc,Sức khỏe
thuc pham bs,Sức khỏe
cf ☕,Giải trí
khám sk,Sức khỏe
tien nuoc 💧,Hóa đơn & Tiện ích
hic,Khác
an lẫu,Ăn uống
bot,Di chuyển
barber,Giải trí
tra,Chuyển tiền cá nhân
mua hoa,Mua sắm
omega 3,Sức khỏe
tai khoan hoc,Giáo dục
bao cao,Giáo dục
xe di tinh,Di chuyển
mung tan gia,Chuyển tiền cá nhân
tien thue xe dap,Di chuyển
sk,Sức khỏe
tt wifi,Hóa đơn & Tiện ích
mua linh kien,Mua sắm
mua laptop,Mua sắm
hp dh,Giáo dục
test,Chuyển tiền cá nhân
starbucks,Giải trí
kfc,Ăn uống
cơm tháng,Ăn uống
taobao,Mua sắm
ca vien chien,Ăn uống
thue tro,Hóa đơn & Tiện ích
tra gium,Chuyển tiền cá nhân
an khao,Ăn uống
an chieu,Ăn uống
***,Khác
tiền nước,Hóa đơn & Tiện ích
mua do tq,Mua sắm
tien hoc vo,Giáo dục
tien nuoc,Hóa đơn & Tiện ích
tien lau,Ăn uống
share netflix,Giải trí
tien ship do an,Ăn uống
bach hoa xanh,Mua sắm
pnj,Mua sắm
vé tàu,Di chuyển
thuoc bo,Sức khỏe
gia sư,Giáo dục
tiền đẻ,Sức khỏe
cf meo,Giải trí
ib nhe,Khác
vay,Chuyển tiền cá nhân
dot 1,Khác
mua live,Mua sắm
luong parttime,Chuyển tiền cá nhân
keo xe,Di chuyển
gửi mẹ,Chuyển tiền cá nhân
test ck,Khác
lixi 🧧,Chuyển tiền cá nhân
vx khach,Di chuyển
thể thao,Sức khỏe
tiền điện nước,Hóa đơn & Tiện ích
hoc tieng han,Giáo dục
an + xang,Khác
bao chuyến,Di chuyển
tien hoc dan,Giáo dục
yến sào,Sức khỏe
mang t5,Hóa đơn & Tiện ích
xang,Di chuyển
vetc,Di chuyển
tien thi toeic,Giáo dục
com van phong,Ăn uống
sức khoẻ,Sức khỏe
thử ck,Chuyển tiền cá nhân
thue an,Ăn uống
abc,Khác
mua do + cf,Khác
op lung,Mua sắm
an vat,Ăn uống
mua đồng hồ,Mua sắm
ck mua ao,Mua sắm
bill lounge,Giải trí
xsm,Di chuyển
bun dau mam tom,Ăn uống
ck bv,Sức khỏe
garena,Giải trí
điện thoại,Hóa đơn & Tiện ích
an sang,Ăn uống
le phi thi,Giáo dục
hp cap 2,Giáo dục
be nha,Di chuyển
cf chó,Giải trí
t7,Khác
rep tin nhan,Khác
...,Khác
mai trả,Khác
dong tra gop,Hóa đơn & Tiện ích
mua cat meo,Mua sắm
tien k+,Hóa đơn & Tiện ích
nhau oc,Ăn uống
tiếng anh,Giáo dục
tien gui bãi,Di chuyển
thanh toán,Khác
mua vacxin,Sức khỏe
thanh toan don hang,Mua sắm
tt,Chuyển tiền cá nhân
trả,Chuyển tiền cá nhân
cơm trưa,Ăn uống
longchau,Sức khỏe
mai linh,Di chuyển
sieu am,Sức khỏe
do trang tri,Mua sắm
ảo,Khác
dd,Khác
hcredit,Hóa đơn & Tiện ích
đây,Khác
đóng gym + súp,Khác
ck ban,Chuyển tiền cá nhân
tien an mau giao,Giáo dục
lương t5,Chuyển tiền cá nhân
ve xe,Di chuyển
gửi,Chuyển tiền cá nhân
t4,Khác
cơm tấm,Ăn uống
học võ,Giáo dục
mua do tet,Mua sắm
hoc tieng trung,Giáo dục
tien san pickleball,Sức khỏe
pql,Hóa đơn & Tiện ích
ve vinwonders,Giải trí
thảo cầm viên,Giải trí
order baemin,Ăn uống
phi cc,Hóa đơn & Tiện ích
chúc ngủ ngon,Khác
thuong,Chuyển tiền cá nhân
đi sân bay,Di chuyển
phi chung cu t5,Hóa đơn & Tiện ích
sua xe,Di chuyển
grab bike,Di chuyển
mixue,Ăn uống
tra tien ve,Chuyển tiền cá nhân
tokbokki,Ăn uống
thuốc men,Sức khỏe
tiền sách,Giáo dục
phi duong bo,Di chuyển
nước rác mạng,Khác
tien bar,Giải trí
tien matxa,Giải trí
hp 💸,Giáo dục
tien vien,Sức khỏe
mua sach 📖,Giáo dục
ck qũy,Chuyển tiền cá nhân
ck mua do,Mua sắm
hp tieu hoc,Giáo dục
ngu di,Khác
tien dam gio,Chuyển tiền cá nhân
trang sức,Mua sắm
💰,Khác
mĩ phẩm,Mua sắm
di lai,Di chuyển
tap yoga,Sức khỏe
tt the tin dung,Hóa đơn & Tiện ích
quy an choi,Giải trí
tien vacxin,Sức khỏe
tiền bảo vệ,Hóa đơn & Tiện ích
tien xe dap,Di chuyển
bhd,Giải trí
hoa hồng,Chuyển tiền cá nhân
ngoại khóa,Giáo dục
ve tau 🚆,Di chuyển
tien com,Ăn uống
áo khoác,Mua sắm
goi dau,Giải trí
netflix,Giải trí
chuc ngu ngon,Khác
tao bao,Mua sắm
nuoc ep,Ăn uống
việc hôm qua,Khác
nha,Khác
zing,Giải trí
lì xì,Chuyển tiền cá nhân
mua tui,Mua sắm
hoc design,Giáo dục
gui chong,Chuyển tiền cá nhân
fe credit,Hóa đơn & Tiện ích
tien mua do,Mua sắm
ve khu vui choi,Giải trí
ve ho boi,Sức khỏe
xe ghep,Di chuyển
❤️,Khác
tra tien du,Chuyển tiền cá nhân
hoc phi con,Giáo dục
do xang 50k,Di chuyển
cọc nhà,Hóa đơn & Tiện ích
thanh toan dien,Hóa đơn & Tiện ích
tien an khao,Ăn uống
tiền gas,Hóa đơn & Tiện ích
mung tuoi,Chuyển tiền cá nhân
quà tặng,Chuyển tiền cá nhân
mua kcn,Mua sắm
trả nợ,Chuyển tiền cá nhân
xăng ⛽,Di chuyển
the coffee house,Giải trí
tien chill,Giải trí
grab đi làm,Di chuyển
share tien nhau,Giải trí
tien gui xe cc,Hóa đơn & Tiện ích
nhathuoc,Sức khỏe
d,Khác
nhớ trả,Khác
cơm tứm,Ăn uống
tks,Khác
an kem,Ăn uống
mua sofa,Mua sắm
theo thỏa thuận,Khác
siêu thị,Mua sắm
hóa đơn,Hóa đơn & Tiện ích
phela,Ăn uống
share tien an,Ăn uống
chuc mung sinh nhat,Chuyển tiền cá nhân
taxi tsn,Di chuyển
mua elsa,Giáo dục
di bar,Giải trí
tra sau mobi,Hóa đơn & Tiện ích
tiền nhà,Hóa đơn & Tiện ích
decor,Mua sắm
hoc boi,Giáo dục
lunch,Ăn uống
ve edm,Giải trí
phi bot,Di chuyển
hoc phi mau giao,Giáo dục
pilates,Sức khỏe
trả dư,Chuyển tiền cá nhân
ts,Ăn uống
bida & cf,Khác
don shopee,Mua sắm
thẻ tín dụng,Hóa đơn & Tiện ích
bida hqua,Giải trí
cf cgai,Giải trí
côm chóa,Ăn uống
khu vui chơi,Giải trí
bbh,Ăn uống
tingting,Khác
ve cgv,Giải trí
gui,Khác
lazada,Mua sắm
bao duong xe,Di chuyển
",,,",Khác
youtube pre,Giải trí
the thao,Sức khỏe
gui ba,Chuyển tiền cá nhân
di san bay,Di chuyển
ăn nhậu kara,Khác
tien,Khác
an khuya,Ăn uống
thue xe may + do xang,Khác
màn hình,Mua sắm
nuoc,Hóa đơn & Tiện ích
bao hiem y te,Sức khỏe
my pham,Mua sắm
thẻ gym,Sức khỏe
nhan dc chua,Khác
qua tang,Chuyển tiền cá nhân
đổi gas,Hóa đơn & Tiện ích
tien thuong,Chuyển tiền cá nhân
vá xe,Di chuyển
mua but,Giáo dục
dimsum,Ăn uống
thuê bao,Hóa đơn & Tiện ích
đóng học,Giáo dục
chot don,Mua sắm
tien giay,Mua sắm
dinner w gf,Ăn uống
beefsteak,Ăn uống
lotteria,Ăn uống
tap gym,Sức khỏe
cap quang,Hóa đơn & Tiện ích
com rang,Ăn uống
hoc cai thien,Giáo dục
thoi noi,Chuyển tiền cá nhân
tra tien mua do,Chuyển tiền cá nhân
nhậu,Ăn uống
phong bì,Chuyển tiền cá nhân
ve mb,Di chuyển
quan jean,Mua sắm
quà sn,Mua sắm
mua lego,Mua sắm
day thang,Chuyển tiền cá nhân
banh canh,Ăn uống
xanh sm,Di chuyển
thanh toan tra gop,Hóa đơn & Tiện ích
